Year,Deaths,Death Rate,Age Adjusted Death Rate
64336,9674,680.8000000000001,680.8000000000001
64336,8759,1050.3000000000002,1050.3000000000002
